"métrica","valor"
"média",22.19838056680162
"min",1.0
"max",24.0
"std",4.061007946140082
